[
  {
    "id": "d43e1cef-42c2-47f7-8a54-c81a341c6ed6",
    "data": [
      {
        "text": "desserts and drinks",
        "userDefined": false
      }
    ],
    "isTemplate": false,
    "count": 0,
    "lang": "en",
    "updated": 0
  },
  {
    "id": "6b82cc24-5cc8-4a8f-84d2-c524d370f297",
    "data": [
      {
        "text": "drinks",
        "userDefined": false
      }
    ],
    "isTemplate": false,
    "count": 0,
    "lang": "en",
    "updated": 0
  },
  {
    "id": "fc8aa91b-1b5a-4e72-8b90-058aea491a7f",
    "data": [
      {
        "text": "desserts",
        "userDefined": false
      }
    ],
    "isTemplate": false,
    "count": 0,
    "lang": "en",
    "updated": 0
  }
]