[
  {
    "id": "c76b96c5-f0b8-49fb-b9e3-3d0d98453429",
    "data": [
      {
        "text": "gulab jamun",
        "userDefined": false
      }
    ],
    "isTemplate": false,
    "count": 0,
    "lang": "en",
    "updated": 0
  },
  {
    "id": "5d96ada5-34e8-4d39-bc04-5dfb476ee1e6",
    "data": [
      {
        "text": "ice cream",
        "userDefined": false
      }
    ],
    "isTemplate": false,
    "count": 0,
    "lang": "en",
    "updated": 0
  },
  {
    "id": "0c95494b-61e6-47a9-bf79-95a183766069",
    "data": [
      {
        "text": "soda",
        "meta": "@sys.any",
        "alias": "any",
        "userDefined": true
      }
    ],
    "isTemplate": false,
    "count": 0,
    "lang": "en",
    "updated": 0
  },
  {
    "id": "371cdb94-6fa0-4947-a49f-cabed9457a62",
    "data": [
      {
        "text": "biryani",
        "meta": "@sys.any",
        "alias": "any",
        "userDefined": true
      }
    ],
    "isTemplate": false,
    "count": 0,
    "lang": "en",
    "updated": 0
  },
  {
    "id": "e74311e1-3c57-4223-930a-5f9fa3c061ee",
    "data": [
      {
        "text": "paneer makhani",
        "meta": "@sys.any",
        "alias": "any",
        "userDefined": true
      }
    ],
    "isTemplate": false,
    "count": 0,
    "lang": "en",
    "updated": 0
  },
  {
    "id": "d30fc1e8-b6ae-4c2b-9867-788427d19fc0",
    "data": [
      {
        "text": "mushroom",
        "meta": "@sys.any",
        "alias": "any",
        "userDefined": true
      }
    ],
    "isTemplate": false,
    "count": 0,
    "lang": "en",
    "updated": 0
  },
  {
    "id": "327fe206-abd6-43d3-9661-5279475c18f6",
    "data": [
      {
        "text": "dal",
        "meta": "@sys.any",
        "alias": "any",
        "userDefined": true
      }
    ],
    "isTemplate": false,
    "count": 0,
    "lang": "en",
    "updated": 0
  },
  {
    "id": "b8f6cc0a-df0e-42af-8bb2-a610addefeb7",
    "data": [
      {
        "text": "tomato soup",
        "meta": "@sys.any",
        "alias": "any",
        "userDefined": true
      }
    ],
    "isTemplate": false,
    "count": 0,
    "lang": "en",
    "updated": 0
  },
  {
    "id": "d838e5ea-f7df-4c61-b641-6fb25d6f8d54",
    "data": [
      {
        "text": "samosa",
        "meta": "@sys.any",
        "alias": "any",
        "userDefined": true
      }
    ],
    "isTemplate": false,
    "count": 0,
    "lang": "en",
    "updated": 0
  },
  {
    "id": "260c25bd-de00-4ff6-a10f-1d4c09c66628",
    "data": [
      {
        "text": "paneer tikka",
        "meta": "@sys.any",
        "alias": "any",
        "userDefined": true
      }
    ],
    "isTemplate": false,
    "count": 0,
    "lang": "en",
    "updated": 0
  }
]